0,-145.577,32.821,145.924,3
1,-139.467,32.821,156.481,3
2,-139.462,32.821,146.48,3
3,-136.637,32.819,159.836,3
4,-135.019,32.821,153.145,3
5,-134.969,32.263,162.617,3
6,-124.969,32.263,158.728,3
7,-124.621,31.71,228.756,3
8,29.016,35.593,224.4,3
9,45.943,38.36,237.696,3
10,-117.744,32.263,154.838,3
11,-119.97,31.708,159.283,3
12,-119.066,31.71,227.089,3
13,-67.662,34.485,235.514,3
14,38.294,33.335,197.501,3
15,32.341,36.149,218.85,3
16,49.745,35.594,213.466,3
17,47.348,35.594,225.512,3
18,24.02,35.038,227.731,3
19,-101.641,32.263,150.396,3
20,-108.164,32.403,152.196,3
21,-115.522,31.708,157.615,3
22,-121.643,31.154,191.506,3
23,-123.525,32.82,222.098,3
24,-112.4,32.265,217.09,3
25,33.906,35.175,264.123,3
26,-17.186,35.592,296.277,3
27,-55.44,33.374,229.403,3
28,18.193,35.654,201.367,3
29,24.86,35.098,199.138,3
30,27.341,36.149,214.405,3
31,34.014,35.594,221.623,3
32,15.68,35.594,241.622,3
33,17.906,36.705,224.952,3
34,23.458,36.705,233.288,3
35,5.256,37.886,292.586,3
36,-101.641,32.263,157.616,3
37,-106.08,31.708,159.837,3
38,-117.195,31.154,187.614,3
39,-116.844,32.265,200.429,3
40,-107.957,32.82,213.202,3
41,5.624,38.638,269.318,3
42,-11.436,36.167,287.077,3
43,-25.442,35.595,206.628,3
44,-20.997,35.595,211.071,3
45,-45.989,34.485,246.616,3
46,-47.11,33.374,229.403,3
47,-47.11,36.152,233.292,3
48,25.311,36.726,184.444,3
49,19.302,35.654,203.585,3
50,9.574,35.039,238.844,3
51,21.232,36.149,216.626,3
52,24.57,35.594,222.179,3
53,12.348,35.039,237.735,3
54,13.458,36.705,228.288,3
55,21.921,38.997,281.476,3
56,-9.492,41.184,299.438,3
57,-104.416,31.708,160.946,3
58,-109.975,31.154,185.948,3
59,-107.402,32.265,202.651,3
60,-0.995,36.15,263.853,3
61,-8.774,35.594,269.4,3
62,-8.776,35.038,255.518,3
63,-18.775,35.038,258.851,3
64,-11.002,34.483,252.179,3
65,-25.442,35.595,208.848,3
66,-37.66,34.485,244.395,3
67,-43.776,33.374,232.181,3
68,12.531,36.17,187.222,3
69,22.349,33.927,199.952,3
70,16.235,35.041,212.173,3
71,5.126,35.039,234.396,3
72,17.9,35.594,222.179,3
73,11.237,35.595,227.178,3
74,14.496,35.63,267.109,3
75,17.339,36.706,267.729,3
76,-7.592,36.751,281.705,3
77,-13.116,33.379,191.058,3
78,-60.494,32.817,234.486,3
79,-63.291,35.045,228.881,3
80,-103.307,30.599,162.055,3
81,-106.087,31.154,180.394,3
82,-104.624,32.265,199.317,3
83,-87.193,33.935,169.278,3
84,-80.525,33.935,164.275,3
85,5.12,34.448,253.922,3
86,7.347,34.448,247.258,3
87,-5.44,36.706,247.184,3
88,-13.217,35.594,251.071,3
89,-19.33,34.483,253.296,3
90,-17.11,34.483,248.292,3
91,-27.662,35.595,211.068,3
92,-35.994,35.596,210.511,3
93,-27.66,34.485,235.506,3
94,-36.551,34.485,229.402,3
95,7.349,35.594,201.617,3
96,12.346,35.038,203.842,3
97,12.899,35.041,213.841,3
98,2.349,35.039,224.956,3
99,9.015,35.039,222.734,3
100,11.233,36.152,257.18,3
101,15.674,35.041,248.846,3
102,9.008,35.595,260.509,3
103,-0.992,36.151,265.505,3
104,-136.175,30.605,135.994,3
105,-139.976,30.042,125.391,3
106,-20.893,32.823,191.611,3
107,-16.45,31.712,189.947,3
108,-68.275,32.817,229.49,3
109,-58.273,32.817,228.934,3
110,-53.793,33.39,236.08,3
111,-69.955,35.6,219.996,3
112,-99.974,30.599,168.165,3
113,-101.085,30.043,175.392,3
114,-95.735,31.154,197.095,3
115,-89.974,33.379,173.162,3
116,-82.193,33.935,167.611,3
117,34.356,35.832,274.68,3
118,32.678,35.838,272.739,3
119,21.016,35.838,282.18,3
120,-0.441,35.039,233.29,3
121,1.787,34.448,246.146,3
122,-14.328,35.039,244.406,3
123,-24.332,34.483,243.848,3
124,-21.552,34.483,256.066,3
125,-32.661,35.04,218.289,3
126,-26.549,34.485,231.063,3
127,-30.437,34.485,224.399,3
128,-3.213,35.038,199.398,3
129,5.681,35.038,205.508,3
130,6.236,35.596,212.175,3
131,4.571,33.373,220.512,3
132,6.789,36.707,242.738,3
133,2.34,36.151,256.619,3
134,-136.143,30.038,83.195,3
135,-129.414,30.042,132.613,3
136,-132.752,30.042,128.169,3
137,-134.414,30.042,145.945,3
138,-23.115,32.267,186.055,3
139,-18.118,31.712,185.499,3
140,-61.607,32.817,223.933,3
141,-54.939,32.817,220.603,3
142,-71.622,34.489,209.995,3
143,-39.228,33.946,218.631,3
144,-96.082,30.599,172.613,3
145,-87.406,31.154,199.316,3
146,-91.083,33.379,170.944,3
147,-79.975,33.935,168.72,3
148,-77.37,31.155,208.61,3
149,120.558,36.707,249.282,3
150,47.439,35.927,267.166,3
151,41.024,35.832,269.123,3
152,27.68,35.838,271.628,3
153,-4.327,35.039,228.293,3
154,-7.665,35.039,235.512,3
155,-18.219,35.039,236.624,3
156,-23.774,34.483,237.176,3
157,-29.886,35.04,218.844,3
158,-26.549,34.485,222.733,3
159,-3.213,37.262,201.066,3
160,3.46,34.483,209.394,3
161,1.236,35.596,212.175,3
162,2.899,36.707,236.07,3
163,-0.992,36.151,244.956,3
164,-129.476,30.038,82.639,3
165,-128.304,30.042,129.837,3
166,-133.303,29.487,136.502,3
167,-131.635,30.042,143.166,3
168,-22.004,31.712,180.502,3
169,-60.496,32.817,213.935,3
170,-68.286,35.045,206.659,3
171,-44.228,33.946,214.186,3
172,-92.745,30.599,174.837,3
173,-76.09,31.154,197.053,3
174,-82.197,33.379,174.276,3
175,-87.195,31.155,192.059,3
176,-78.864,31.155,200.395,3
177,-82.197,31.711,206.497,3
178,80.074,35.042,256.069,3
179,84.516,33.93,253.845,3
180,87.227,33.931,261.514,3
181,97.781,33.931,262.624,3
182,117.778,36.707,251.506,3
183,110.557,38.374,264.837,3
184,54.449,35.594,273.712,3
185,36.585,34.165,242.46,3
186,37.992,35.371,254.941,3
187,37.691,35.832,259.124,3
188,28.804,35.276,246.9,3
189,-51.722,31.714,192.03,3
190,-33.392,32.825,185.361,3
191,-10.441,35.039,223.29,3
192,-16.552,35.039,231.624,3
193,-21.551,34.483,226.617,3
194,-24.885,35.04,222.178,3
195,-0.992,37.262,207.175,3
196,0.123,34.483,211.618,3
197,-2.659,36.707,230.512,3
198,-112.005,26.144,51.26,3
199,-101.103,27.267,45.961,3
200,-106.102,27.267,48.184,3
201,-111.1,27.267,50.404,3
202,-118.917,29.482,81.53,3
203,-123.921,30.038,84.306,3
204,-143.889,30.037,108.908,3
205,-124.419,30.042,130.947,3
206,-128.304,29.487,138.724,3
207,-129.257,30.579,156.664,3
208,-104.968,31.707,170.383,3
209,-99.408,31.152,174.823,3
210,-27.032,31.712,168.211,3
211,-62.73,33.934,203.881,3
212,-50.472,33.378,198.859,3
213,-88.305,30.599,174.837,3
214,-72.2,31.154,194.275,3
215,-79.975,32.823,179.832,3
216,-79.975,31.155,192.059,3
217,-78.863,31.711,201.496,3
218,-57.202,32.267,206.495,3
219,-58.311,31.711,195.944,3
220,125.554,35.597,245.38,3
221,128.889,35.597,254.825,3
222,80.074,33.375,250.514,3
223,87.227,35.042,257.068,3
224,98.892,36.152,253.172,3
225,92.227,33.931,258.736,3
226,109.446,36.152,251.506,3
227,55.56,35.594,267.602,3
228,50.006,34.484,263.162,3
229,38.894,33.929,272.059,3
230,76.112,36.707,260.382,3
231,67.221,33.93,264.283,3
232,78.333,35.041,266.503,3
233,43.248,34.165,239.128,3
234,48.245,34.165,244.688,3
235,34.357,34.165,247.455,3
236,-37.282,32.269,194.251,3
237,-29.334,31.149,213.842,3
238,-16.552,33.928,222.179,2
239,-23.772,34.483,221.065,3
240,-3.213,36.151,211.618,2
241,-7.66,36.151,218.287,2
242,-89.146,25.691,4.653,3
243,-116.978,24.667,47.72,3
244,-96.016,26.711,28.584,3
245,-113.114,26.144,52.924,3
246,-101.659,27.267,49.295,3
247,-114.987,27.267,59.291,3
248,-112.211,27.267,55.402,3
249,-121.171,30.037,73.192,3
250,-126.725,29.482,76.523,3
251,-120.584,30.038,86.53,3
252,-136.11,30.037,106.13,3
253,-122.738,28.373,122.617,3
254,-122.196,30.042,135.392,3
255,-128.7,31.134,144.449,3
256,-128.147,30.579,152.779,3
257,-123.877,31.815,185.496,3
258,-86.593,31.152,178.218,3
259,-98.298,31.707,170.383,3
260,-29.809,31.712,163.767,3
261,-30.36,31.712,167.656,3
262,-35.994,32.267,190.779,3
263,-53.253,33.934,197.191,3
264,-68.866,31.71,168.719,3
265,-78.863,31.154,179.28,3
266,-73.311,31.154,188.165,3
267,-77.196,31.711,184.835,3
268,-69.976,31.711,197.608,3
269,-63.311,32.267,194.277,3
270,119.444,35.597,242.047,3
271,59.452,32.819,222.622,3
272,72.784,33.375,238.177,3
273,81.673,35.042,244.293,3
274,93.337,36.152,254.839,3
275,92.227,33.931,248.176,3
276,107.78,35.042,249.285,3
277,52.784,34.484,261.495,3
278,42.229,33.929,262.61,3
279,58.893,34.485,263.713,3
280,68.334,34.485,255.382,3
281,60.559,33.93,263.729,3
282,72.778,33.93,257.615,3
283,89.445,35.597,265.945,3
284,49.357,34.165,236.907,3
285,39.912,34.165,235.79,3
286,20.074,34.488,173.164,3
287,-83.568,35.044,193.775,3
288,-25.445,31.705,204.397,3
289,-19.332,33.928,219.955,2
290,-9.883,36.151,211.618,2
291,127.738,26.831,114.733,3
292,112.59,25.137,91.755,3
293,114.261,25.693,94.532,3
294,-87.988,25.691,9.866,3
295,-81.378,25.691,3.584,3
296,-100.789,25.57,8.595,3
297,-113.322,26.155,50.395,3
298,-97.215,26.711,38.179,3
299,-106.105,26.711,41.509,3
300,-110.892,27.254,47.926,3
301,-110.896,26.144,54.033,3
302,-101.659,27.267,51.515,3
303,-110.544,27.267,58.18,3
304,-122.837,30.037,80.966,3
305,-132.67,30.037,104.043,3
306,-117.804,29.482,89.31,3
307,-131.111,30.037,103.908,3
308,-106.076,31.153,115.954,3
309,-117.74,31.153,118.73,3
310,-118.847,28.929,126.508,3
311,-117.751,30.042,134.836,3
312,-125.369,30.579,149.445,3
313,-116.659,31.815,182.164,3
314,-87.148,31.152,173.219,3
315,-98.853,31.707,168.161,3
316,-34.249,31.712,163.767,3
317,-36.549,33.932,188.559,3
318,-52.142,33.934,188.3,3
319,-68.31,31.71,172.053,3
320,-72.756,30.599,183.166,3
321,-73.311,31.711,185.945,3
322,-67.755,31.711,191.499,3
323,132.224,35.595,227.057,3
324,126.111,35.039,239.843,3
325,116.667,35.597,236.493,3
326,117.777,35.041,257.042,3
327,70.001,32.821,238.171,3
328,96.161,35.6,266.037,3
329,68.896,33.375,225.4,3
330,76.671,33.375,234.845,3
331,88.338,35.597,248.174,3
332,88.893,33.931,242.619,3
333,51.118,33.929,251.498,3
334,62.225,34.485,249.273,3
335,65.558,33.93,258.73,3
336,71.667,33.93,246.5,3
337,51.677,36.15,198.733,3
338,35.571,35.595,205.398,3
339,45.552,34.484,213.721,3
340,49.357,33.609,228.014,2
341,47.134,34.165,220.235,3
342,10.537,33.928,203.923,3
343,-8.907,32.817,202.815,3
344,14.516,33.932,177.611,3
345,8.407,33.932,186.498,3
346,-74.124,34.488,193.775,3
347,-22.108,31.705,202.173,3
348,-13.774,33.372,208.839,2
349,81.481,24.024,41.753,3
350,67.252,24.024,41.014,3
351,112.541,26.268,107.979,3
352,83.633,25.136,116.72,3
353,110.926,25.137,92.864,3
354,-77.92,23.923,15.744,3
355,-85.815,24.448,4.796,3
356,-89.674,25.037,15.488,3
357,-87.454,26.147,14.377,3
358,-82.991,25.691,13.752,3
359,-78.545,25.691,12.084,3
360,-100.186,25.57,29.696,3
361,-104.993,26.155,47.619,3
362,-100.545,26.711,41.509,3
363,-108.116,26.144,54.033,3
364,-100.548,27.267,56.513,3
365,-105.544,27.267,59.847,3
366,-118.389,30.037,85.414,3
367,-116.719,30.037,93.196,3
368,-119.572,30.037,101.347,3
369,-112.803,28.926,93.2,3
370,-115.025,30.037,99.312,3
371,-108.296,31.153,118.174,3
372,-113.848,30.04,130.952,3
373,-114.414,30.042,137.06,3
374,-113.859,31.154,144.841,3
375,-110.147,31.223,162.628,3
376,-93.855,31.152,163.718,3
377,-35.916,31.712,158.767,3
378,-37.659,32.266,181.341,3
379,-47.695,31.711,183.853,3
380,-68.31,31.155,177.052,3
381,-68.866,31.711,186.501,3
382,141.109,34.484,200.393,3
383,127.778,35.039,220.943,3
384,118.331,34.483,233.73,3
385,138.891,32.82,231.501,3
386,112.223,35.041,228.16,3
387,117.222,35.041,243.714,3
388,114.438,35.596,245.375,3
389,72.223,33.376,222.619,3
390,96.716,35.6,246.595,3
391,77.782,33.375,228.177,3
392,85.561,34.486,236.511,3
393,120.235,37.654,236.141,3
394,103.337,34.487,262.619,3
395,55.56,33.929,243.169,3
396,61.67,33.93,240.388,3
397,67.781,33.93,241.503,3
398,50.011,35.595,208.73,3
399,51.112,34.484,214.833,3
400,2.762,33.373,196.148,3
401,-5.571,32.817,201.147,3
402,-85.215,32.819,144.345,3
403,-16.653,33.933,195.396,3
404,5.629,33.932,184.831,3
405,-5.539,34.489,203.178,3
406,-66.346,34.488,185.997,3
407,-18.218,31.705,199.395,2
408,50.468,34.165,217.457,2
409,80.925,24.024,48.42,3
410,108.651,26.268,105.201,3
411,86.413,25.136,114.496,3
412,107.592,25.693,92.864,3
413,-51.981,21.722,-2.625,3
414,-68.899,22.905,1.169,3
415,-73.48,23.368,16.854,3
416,-72.928,25.034,12.411,3
417,-88.564,25.037,16.598,3
418,-79.101,25.691,15.975,3
419,-68.82,26.711,22.791,3
420,-99.076,25.57,33.026,3
421,-98.321,26.711,53.729,3
422,-98.325,26.711,43.729,3
423,-105.894,26.144,53.478,3
424,-101.104,27.267,59.847,3
425,-91.659,28.377,70.406,3
426,-116.189,28.379,58.329,3
427,-114.527,27.268,64.439,3
428,-125.018,28.379,60.297,3
429,-132.35,27.758,74.779,3
430,-103.005,28.935,80.318,3
431,-113.941,30.037,89.306,3
432,-117.348,30.037,103.015,3
433,-110.025,30.037,96.534,3
434,-134.15,31.161,85.215,3
435,-131.074,29.999,113.557,3
436,-151.144,29.999,112.813,3
437,-136.474,30.585,120.961,3
438,-138.939,29.314,137.72,3
439,-104.408,31.153,123.728,3
440,-107.179,32.263,130.952,3
441,-111.08,30.042,139.838,3
442,-107.193,30.042,143.725,3
443,-87.191,36.151,157.052,3
444,-93.855,31.152,158.718,3
445,-38.694,31.712,155.433,3
446,-42.7,32.266,174.41,3
447,-46.029,31.711,179.965,3
448,-75.531,32.823,164.836,3
449,-81.465,32.244,158.819,3
450,-82.212,33.449,153.373,3
451,-73.871,31.712,175.953,3
452,-44.982,33.377,169.836,3
453,-62.199,32.822,175.385,3
454,130.015,33.928,156.506,3
455,122.789,32.816,159.84,3
456,136.673,33.928,162.613,3
457,127.794,33.928,193.723,3
458,130,34.484,205.947,3
459,116.664,34.483,223.171,3
460,123.337,34.486,203.722,3
461,126.67,32.264,228.168,3
462,107.778,35.041,223.16,3
463,107.774,35.596,237.6,3
464,72.223,36.709,212.62,3
465,85.005,35.042,224.288,3
466,81.116,33.375,225.399,3
467,95.562,35.598,229.287,3
468,100.004,34.487,243.731,3
469,57.227,34.485,225.948,3
470,65.558,33.93,234.834,3
471,52.231,35.04,212.06,2
472,-3.349,32.817,190.037,3
473,-66.755,34.486,142.197,3
474,-72.991,32.819,147.679,3
475,-40.541,33.374,143.729,3
476,-48.312,34.485,152.624,3
477,-19.429,33.933,187.067,3
478,-10.538,34.489,189.291,3
479,-41.651,34.488,181.507,2
480,-28.312,32.266,187.619,2
481,53.336,34.484,216.501,2
482,-67.754,31.155,180.386,2
483,105.317,26.268,104.645,3
484,80.926,25.135,97.867,3
485,87.523,25.691,111.721,3
486,115.739,25.693,68.113,3
487,104.262,25.693,89.534,3
488,-74.893,22.821,3.825,3
489,-61.441,22.905,9.2,3
490,-75.648,23.922,21.339,3
491,-70.093,23.923,18.56,3
492,-69.04,23.923,15.744,3
493,-62.215,25.599,23.738,3
494,-86.344,25.037,18.818,3
495,-70.185,25.132,22.629,3
496,-76.879,27.357,20.419,3
497,-86.097,26.711,33.733,3
498,-91.657,26.711,38.733,3
499,-94.988,26.711,45.953,3
500,121.632,17.777,17.567,3
501,121.261,17.777,-2.396,3
502,-98.507,26.712,55.751,3
503,127.193,17.777,15.903,3
504,-94.99,27.267,64.294,3
505,-91.102,28.377,68.736,3
506,-108.971,28.379,61.661,3
507,-110.006,28.379,69.193,3
508,-95.225,28.935,79.21,3
509,-100.225,28.935,82.542,3
510,-103.551,30.602,81.99,3
511,-110.776,30.602,86.991,3
512,-77.233,30.037,90.414,3
513,-103.363,30.037,91.533,3
514,-103.915,30.037,95.423,3
515,-101.806,30.037,115.339,3
516,-129.15,32.272,94.105,3
517,-132.742,29.999,115.781,3
518,-132.584,30.585,123.739,3
519,-101.072,31.153,128.176,3
520,-106.082,30.042,138.727,3
521,-92.189,33.374,149.832,3
522,-92.754,32.266,134.844,3
523,-40.915,31.712,149.881,3
524,-46.029,31.711,173.855,3
525,-71.641,32.823,162.613,3
526,-72.198,32.823,156.502,3
527,-69.426,31.712,173.73,3
528,-53.313,32.822,173.168,3
529,120.571,33.372,153.173,3
530,113.345,33.372,162.618,3
531,131.118,33.373,162.058,3
532,138.431,34.135,165.553,3
533,117.241,33.928,189.28,3
534,112.23,35.039,193.172,3
535,120.554,33.928,196.501,3
536,114.441,34.483,205.944,3
537,115.006,33.375,199.834,3
538,112.228,33.375,219.836,3
539,101.113,34.486,210.941,3
540,98.332,35.041,222.604,3
541,76.114,36.709,213.176,3
542,81.116,35.042,220.399,3
543,91.118,35.042,218.176,3
544,91.67,36.709,229.841,3
545,62.226,34.485,223.726,2
546,24.739,32.812,184.597,3
547,4.594,32.252,205.211,3
548,-15.578,33.373,180.591,3
549,-5.018,32.817,188.368,3
550,-56.833,34.486,138.112,3
551,-53.311,32.819,147.064,3
552,-37.206,35.597,149.842,3
553,-44.982,33.93,155.399,3
554,80.925,24.024,51.2,3
555,-44.982,32.819,164.286,3
556,-18.873,33.933,177.623,3
557,-31.646,34.488,182.063,2
558,-61.643,32.822,178.719,2
559,56.117,35.04,217.057,2
560,-34.733,25.137,30.42,3
561,-50.881,24.017,14.76,3
562,-57.551,24.017,16.981,3
563,-70.093,23.367,21.894,3
564,-61.2,23.923,20.224,3
565,-59.437,25.599,27.072,3
566,-83.39,25.037,25.907,3
567,-75.213,25.691,24.863,3
568,-78.94,25.037,25.358,3
569,-86.097,26.711,38.733,3
570,119.412,17.777,19.787,3
571,-86.653,26.711,44.286,3
572,92.039,25.691,101.759,3
573,123.859,17.777,21.46,3
574,-99.05,27.82,48.119,3
575,-71.078,26.675,30.544,3
576,-94.064,26.712,54.64,3
577,-99.183,27.267,60.317,3
578,-91.102,27.267,65.96,3
579,-103.416,28.379,63.328,3
580,88.15,25.691,102.312,3
581,-107.226,28.379,69.193,3
582,-97.447,28.935,84.209,3
583,-100.219,28.935,86.436,3
584,-106.885,30.602,87.547,3
585,-87.807,30.037,95.423,3
586,-100.585,30.037,95.423,3
587,-104.475,30.593,99.313,3
588,-104.479,30.037,105.983,3
589,125.691,26.991,79.664,3
590,-125.263,32.272,100.213,3
591,-123.523,31.151,117.51,3
592,101.48,25.693,72.866,3
593,-95.52,31.153,130.397,3
594,-99.968,30.598,134.281,3
595,-93.299,32.264,145.947,3
596,98.147,26.249,88.422,3
597,-87.754,32.266,139.289,3
598,-43.138,31.712,145.436,3
599,-54.423,31.711,157.067,3
600,-75.011,32.823,170.428,3
601,-67.197,32.823,159.836,3
602,-66.09,31.712,169.282,2
603,105.727,33.744,140.974,3
604,115.861,33.921,145.819,3
605,103.902,33.373,181.509,3
606,107.235,33.372,159.285,3
607,120.009,33.373,169.279,3
608,121.676,33.373,173.169,3
609,131.678,33.928,179.837,3
610,102.227,33.928,192.616,3
611,106.11,33.928,198.168,3
612,106.672,32.819,205.946,3
613,92.777,33.375,205.384,3
614,80.005,36.153,213.732,3
615,86.67,35.042,214.84,3
616,62.591,24.024,50.084,3
617,64.817,24.024,47.307,3
618,-33.875,33.931,88.721,3
619,-34.729,33.383,73.626,3
620,26.708,33.93,138.179,3
621,22.815,33.375,144.844,3
622,23.908,33.373,133.173,3
623,24.459,33.373,129.284,3
624,17.031,33.983,170.813,3
625,4.037,32.252,183.478,3
626,-6.684,32.817,181.703,3
627,-44.613,34.486,138.112,3
628,-47.753,33.375,141.506,3
629,-53.351,35.596,162.642,3
630,-34.985,34.486,154.285,3
631,82.592,24.024,56.2,3
632,-38.317,33.93,158.176,3
633,-23.873,33.933,164.29,2
634,110.699,17.777,17.948,3
635,-30.535,33.377,172.623,2
636,62.782,34.485,215.946,2
637,-60.533,32.822,174.834,2
638,-90.162,27.264,52.009,3
639,-94.05,27.264,49.786,3
640,-83.515,27.267,51.865,3
641,-89.065,26.712,54.085,3
642,-87.212,27.267,63.737,3
643,-87.229,28.934,65.299,3
644,-102.228,28.379,68.082,3
645,-61.2,23.923,21.894,3
646,-41.403,25.137,30.42,3
647,-91.335,28.935,85.875,3
648,-95.223,28.935,87.546,3
649,-98.552,28.935,89.214,3
650,-95.586,30.037,97.645,3
651,97.046,22.914,72.858,3
652,104.27,22.359,76.19,3
653,-100.031,30.037,101.535,3
654,-112.406,30.595,112.511,3
655,-117.968,31.151,115.843,3
656,98.702,25.693,76.2,3
657,-54.439,31.144,170.292,3
658,-90.524,30.598,133.728,3
659,128.997,24.726,68.423,3
660,-93.854,30.598,139.284,3
661,93.147,25.693,86.755,3
662,-57.771,25.599,30.96,3
663,121.948,18.952,55.906,3
664,-81.642,32.267,128.179,3
665,-83.309,32.266,141.512,3
666,-51.649,31.712,143.734,3
667,-55.534,32.266,151.514,3
668,-64.977,32.823,159.836,3
669,-81.166,25.037,29.244,3
670,-55.881,24.017,17.538,3
671,129.968,19.445,34.237,3
672,20.014,33.375,195.393,3
673,38.905,33.375,203.727,3
674,104.303,33.929,136.391,3
675,106.665,33.929,144.283,3
676,69.454,33.929,106.495,3
677,81.121,33.929,112.608,3
678,103.055,33.929,125.395,3
679,100.835,33.929,117.059,3
680,82.789,33.929,158.176,3
681,91.673,34.484,156.507,3
682,98.9,33.373,172.061,3
683,97.788,33.928,159.841,3
684,-77.83,25.037,28.134,3
685,114.452,33.373,175.947,3
686,125.565,32.817,183.727,3
687,88.334,34.484,181.502,3
688,96.113,33.928,193.725,3
689,89.446,35.04,210.39,3
690,89.445,33.375,198.166,3
691,136.213,18.34,42.578,3
692,80.005,35.597,209.841,2
693,123.304,17.777,24.235,3
694,64.261,24.024,50.641,3
695,94.973,17.777,22.573,3
696,-29.986,33.375,101.501,3
697,-23.614,33.968,91.761,3
698,-47.767,32.819,121.513,3
699,-37.223,33.376,137.634,3
700,23.274,33.373,117.323,3
701,19.483,33.93,139.291,3
702,17.239,33.373,130.95,3
703,-82.765,26.711,42.62,3
704,27.908,32.814,150.441,3
705,2.545,33.964,172.768,3
706,14.251,33.427,173.593,3
707,-18.871,32.81,164.305,3
708,-5.573,32.817,177.26,3
709,-14.426,33.481,177.019,3
710,-36.084,34.486,140.955,3
711,85.925,24.024,68.416,3
712,-41.642,34.486,142.617,3
713,81.482,24.024,59.53,3
714,-51.131,35.041,159.312,3
715,-33.317,33.93,158.176,2
716,103.307,17.777,19.796,3
717,-27.758,35.043,162.625,2
718,88.705,25.691,101.203,3
719,-59.978,31.156,167.615,2
720,67.226,34.485,208.724,2
721,-82.2,28.932,55.394,3
722,-86.644,28.932,60.956,3
723,-90.565,28.934,69.747,3
724,-96.121,28.934,71.968,3
725,-128.096,29.49,80.299,3
726,-89.666,28.935,87.544,3
727,-92.445,28.935,90.88,3
728,-87.383,27.264,49.23,3
729,126.217,24.726,68.423,3
730,-97.809,30.037,102.09,3
731,94.826,22.359,74.523,3
732,-101.149,28.927,107.643,3
733,-101.793,31.192,120.081,3
734,-100.17,31.294,129.032,3
735,-110.188,30.595,113.62,3
736,89.258,25.693,82.866,3
737,-46.185,30.592,138.4,3
738,-60.261,31.144,155.156,3
739,-77.669,31.196,163.391,3
740,-87.745,30.598,136.507,3
741,-55.549,25.043,35.96,3
742,-53.624,24.581,24.309,3
743,118.859,18.334,61.466,3
744,-77.754,31.156,132.067,3
745,-77.199,32.266,142.623,3
746,-55.534,32.822,145.399,3
747,-78.386,25.037,31.468,3
748,120.525,18.334,58.685,3
749,125.525,17.779,58.13,3
750,62.031,11.682,-12.939,3
751,68.698,11.682,-15.714,3
752,81.194,10.016,-4.202,3
753,131.765,18.34,40.91,3
754,41.719,33.375,188.831,3
755,42.671,33.375,201.009,3
756,15.016,33.375,195.951,3
757,29.459,33.375,189.281,3
758,94.448,33.929,144.838,3
759,76.122,33.929,113.163,3
760,96.39,33.929,129.838,3
761,29.033,33.929,128.304,3
762,29.587,33.929,124.416,3
763,54.98,33.929,114.449,3
764,51.646,33.929,115.557,3
765,83.898,33.929,160.394,3
766,88.346,33.373,164.284,3
767,105.005,32.817,185.95,3
768,-84.625,27.267,55.195,3
769,83.334,34.484,184.28,3
770,78.337,32.818,198.726,3
771,83.893,35.596,192.614,2
772,123.304,17.777,27.015,3
773,125.101,17.229,53.691,3
774,132.322,16.673,53.694,3
775,67.036,23.469,53.971,3
776,-46.401,25.137,29.309,3
777,88.803,17.785,27.53,3
778,101.641,17.777,23.684,3
779,-31.653,33.375,104.279,3
780,-27.763,33.375,105.393,3
781,-44.431,32.819,119.845,3
782,-83.325,27.823,61.511,3
783,-38.334,33.376,131.524,3
784,-86.102,27.267,63.737,3
785,14.381,33.373,116.767,3
786,7.239,33.373,134.839,3
787,-70.863,23.923,25.755,3
788,-78.88,27.821,44.285,3
789,-54.438,23.923,30.91,3
790,6.679,33.373,142.061,3
791,5.609,32.81,171.741,3
792,-2.72,32.81,170.073,3
793,-19.461,32.817,170.035,3
794,-8.908,32.817,168.922,3
795,80.927,24.024,61.752,3
796,-13.87,33.481,170.352,3
797,-34.975,34.486,143.173,3
798,-37.755,35.041,149.28,3
799,127.192,19.445,35.347,3
800,86.485,25.136,97.873,3
801,-27.758,33.374,160.956,2
802,-62.2,31.712,158.725,2
803,72.78,34.485,199.837,2
804,-32.51,25.134,39.309,3
805,-33.065,24.579,32.644,3
806,82.59,21.803,83.422,3
807,-95.589,29.482,103.755,3
808,126.222,15.556,55.606,3
809,-98.369,28.927,107.643,3
810,-78.372,30.591,117.078,3
811,-81.644,28.932,62.623,3
812,-85.042,30.595,115.416,3
813,-86.317,27.264,62.681,3
814,-93.83,27.264,63.561,3
815,-50.07,31.702,138.4,3
816,-93.38,30.044,68.728,3
817,-56.183,31.144,141.176,3
818,-79.975,30.043,142.056,3
819,-84.415,30.598,137.617,3
820,-56.659,25.043,39.29,3
821,115.529,18.334,61.466,3
822,-72.756,31.711,136.51,3
823,-71.647,31.711,142.623,3
824,-58.87,32.266,142.063,2
825,-66.102,26.154,39.844,3
826,65.365,11.682,-7.938,3
827,119.415,18.334,57.575,3
828,73.099,10.76,1.168,3
829,121.636,17.777,30.351,3
830,77.863,11.682,-2.536,3
831,122.876,17.784,41.463,3
832,128.989,18.34,42.02,3
833,57.169,36.647,212.826,3
834,46.854,34.463,195.43,3
835,8.906,33.933,167.065,3
836,32.788,33.375,167.064,3
837,36.722,33.375,184.945,3
838,23.905,33.375,176.506,3
839,94.999,33.929,151.945,3
840,90.003,33.929,147.061,3
841,81.128,33.929,144.285,3
842,76.122,33.929,123.723,3
843,78.895,33.929,139.835,3
844,-80.549,26.712,57.624,3
845,-77.775,26.713,55.401,3
846,35.134,33.929,135.52,3
847,37.362,33.929,131.08,3
848,53.869,33.929,119.447,3
849,-92.787,28.934,74.746,3
850,62.237,33.929,119.837,3
851,80.008,33.929,163.172,3
852,-78.88,27.267,61.514,3
853,89.45,33.373,178.172,3
854,-50.846,24.581,29.309,3
855,74.448,33.929,179.282,3
856,-48.325,23.923,34.802,3
857,-74.392,27.896,56.262,3
858,-53.328,23.923,34.24,3
859,100.904,22.933,76.726,3
860,69.814,23.469,58.971,3
861,126.21,17.229,52.027,3
862,87.073,24.025,76.768,3
863,99.788,22.377,67.836,3
864,99.366,17.785,25.864,3
865,91.583,17.785,29.754,3
866,104.418,17.222,27.572,3
867,77.591,24.024,63.42,3
868,-31.653,32.819,110.394,3
869,-82.212,27.267,63.737,3
870,-80.776,26.67,33.461,3
871,-35.54,32.819,120.956,3
872,-29.985,32.819,123.175,3
873,-47.044,32.358,128.082,3
874,-49.504,32.264,130.971,3
875,-56.178,31.709,133.192,3
876,-1.097,33.373,126.512,3
877,2.791,33.373,136.507,3
878,-116.424,29.49,78.632,3
879,-73.88,27.265,45.952,3
880,1.166,32.81,165.076,3
881,-10.574,32.817,162.815,3
882,-85.779,28.934,88.1,3
883,78.703,25.136,90.647,3
884,-88.554,28.379,90.88,3
885,-15.537,33.481,159.793,3
886,-32.757,34.486,144.282,2
887,-84.047,27.264,47.562,3
888,84.855,23.468,79.547,3
889,-24.978,33.93,155.397,2
890,-62.755,32.267,155.396,2
891,-39.73,25.134,37.643,3
892,73.336,34.485,193.17,2
893,123.857,17.777,35.903,3
894,112.749,17.222,57.574,3
895,70.08,11.682,-0.866,3
896,-68.867,31.711,140.399,2
897,116.085,17.779,55.355,3
898,-51.103,23.923,39.802,3
899,90.974,11.315,-1.669,3
900,74.763,10.76,2.277,3
901,65.904,25.174,105.162,3
902,74.526,11.682,-0.312,3
903,124.544,17.784,43.687,3
904,108.853,16.111,57.023,3
905,-62.199,31.711,141.508,2
906,113.85,15.556,60.908,3
907,56.059,36.092,208.386,3
908,46.967,34.946,185.909,3
909,38.906,33.374,172.062,3
910,42.16,34.463,181.349,3
911,10.018,32.265,161.505,3
912,29.458,33.375,167.064,3
913,22.238,33.375,171.506,3
914,-77.21,28.933,69.843,3
915,-86.903,28.362,70.322,3
916,70.562,33.929,163.175,3
917,76.119,33.929,155.95,3
918,79.451,33.929,148.172,3
919,-66.66,26.157,52.632,3
920,71.123,33.929,143.729,3
921,71.676,33.929,134.837,3
922,89.82,12.235,4.681,3
923,-74.994,26.157,57.069,3
924,42.359,33.929,136.632,3
925,55.014,33.929,132.617,3
926,-89.423,28.934,85.398,3
927,-85.207,27.264,61.571,3
928,73.339,33.929,165.395,3
929,-77.213,27.267,64.292,3
930,-81.644,28.932,64.293,3
931,72.082,25.145,101.884,3
932,70.56,33.374,172.061,3
933,-80.717,27.264,48.672,3
934,-79.482,28.927,114.304,3
935,-78.862,30.6,103.172,3
936,70.926,23.469,64.531,3
937,124.544,17.784,50.361,3
938,97.143,17.785,29.754,3
939,-82.759,30.044,69.846,3
940,106.64,16.666,33.128,3
941,49.537,12.792,14.123,3
942,-31.653,32.819,112.064,3
943,-68.88,27.265,45.952,3
944,-28.875,32.819,119.29,3
945,-60.546,25.043,42.622,3
946,-121.872,30.193,73.434,3
947,-29.429,30.597,129.843,3
948,-43.396,31.709,134.303,3
949,-3.874,33.373,130.956,3
950,-113.088,29.49,80.3,3
951,0.014,34.484,135.396,3
952,-36.092,30.598,117.057,3
953,-52.296,30.589,137.844,3
954,84.855,24.025,77.877,3
955,-2.768,33.372,144.282,3
956,-80.598,27.816,102.088,3
957,77.035,24.58,85.088,3
958,-7.21,32.817,141.509,3
959,-83.377,27.816,98.201,3
960,-83.555,28.934,90.88,3
961,-15.537,31.153,148.735,3
962,-80.53,30.598,138.727,3
963,-46.399,25.134,35.42,3
964,47.585,12.792,13.944,3
965,119.415,17.222,32.572,3
966,-24.978,34.486,146.504,2
967,-91.701,28.927,106.532,3
968,66.114,34.485,182.614,2
969,57.307,11.682,-5.309,3
970,61.748,11.682,0.245,3
971,-50.846,25.69,30.973,3
972,95.902,21.822,70.057,3
973,122.32,17.784,47.024,3
974,-21.091,34.486,143.172,2
975,-62.199,31.711,139.288,2
976,50.021,31.714,124.444,3
977,65.856,32.936,113.788,3
978,51.753,33.388,123.856,3
979,27.787,32.264,120.955,3
980,48.354,34.485,162.074,3
981,50.659,33.092,189.186,3
982,41.683,36.707,176.516,3
983,32.798,33.375,154.838,3
984,34.46,32.263,165.949,3
985,-70.545,27.264,57.06,3
986,15.016,32.82,156.507,3
987,22.238,33.375,163.176,3
988,-83.32,28.933,76.508,3
989,-77.766,28.933,73.177,3
990,65.563,33.929,158.176,3
991,68.34,33.929,151.505,3
992,-65.55,26.157,56.517,3
993,62.786,33.929,139.838,3
994,80.64,12.235,4.681,3
995,112.749,16.667,54.799,3
996,-68.325,26.157,59.292,3
997,54.455,33.929,133.176,3
998,-86.647,28.934,86.508,3
999,63.895,33.929,167.062,2
1000,-71.653,27.267,65.404,3
1001,-74.975,28.934,97.063,3
1002,-68.877,27.264,52.619,3
1003,-47.767,23.923,44.25,3
1004,73.701,24.58,84.532,3
1005,-77.816,28.927,110.416,3
1006,70.371,23.469,66.753,3
1007,72.858,11.682,3.024,3
1008,104.973,16.666,35.906,3
1009,-64.435,26.709,47.619,3
1010,-73.933,27.816,97.645,3
1011,-59.436,25.043,46.507,3
1012,-80.537,28.379,75.407,3
1013,51.757,12.792,14.123,3
1014,53.424,12.792,11.349,3
1015,5.557,31.637,98.23,3
1016,-27.207,32.263,118.178,3
1017,-90.541,29.49,70.404,3
1018,-105.709,29.49,82.57,3
1019,66.479,24.024,86.757,3
1020,-24.426,31.153,127.064,3
1021,76.481,24.025,76.202,3
1022,-41.176,31.709,134.303,3
1023,-78.314,28.377,67.068,3
1024,-4.984,33.373,134.841,2
1025,-39.422,30.598,117.057,3
1026,-45.532,31.153,121.497,3
1027,-6.654,32.817,138.175,3
1028,-76.09,28.934,93.177,3
1029,76.983,11.315,5.607,3
1030,-13.869,31.709,143.176,2
1031,-75.53,30.598,138.727,2
1032,-84.481,28.927,106.532,3
1033,106.635,16.111,61.46,3
1034,108.298,15.556,58.687,3
1035,-50.29,25.134,34.864,3
1036,110.529,17.222,35.904,3
1037,55.642,10.015,-3.096,3
1038,60.639,11.682,1.909,3
1039,59.448,33.929,176.503,2
1040,92.572,24.597,72.277,3
1041,105.817,13.914,11.482,3
1042,116.369,13.914,15.369,3
1043,-76.097,28.933,83.175,3
1044,83.411,12.792,15.243,3
1045,-77.211,28.933,78.729,3
1046,53.239,31.151,110.836,3
1047,40.619,31.714,113.789,3
1048,47.838,32.269,113.788,3
1049,26.12,30.597,112.062,3
1050,42.798,34.485,155.962,3
1051,40.017,35.596,170.406,3
1052,109.412,16.667,52.575,3
1053,26.683,32.819,155.95,3
1054,20.015,33.375,156.507,3
1055,-64.995,26.157,59.292,3
1056,61.672,33.929,150.394,3
1057,74.758,15.759,12.826,3
1058,79.203,11.315,7.827,3
1059,67.591,24.58,83.421,3
1060,57.231,33.929,141.505,3
1061,72.858,11.682,5.244,3
1062,-82.757,28.934,86.508,3
1063,-72.204,28.377,67.068,3
1064,-67.768,27.267,66.514,3
1065,-65.547,27.264,55.949,3
1066,-73.313,29.488,69.842,3
1067,-74.425,29.488,75.397,3
1068,68.149,24.025,71.197,3
1069,111.078,17.222,46.462,3
1070,-71.713,27.816,99.865,3
1071,-57.769,25.043,49.285,3
1072,104.973,16.666,38.126,3
1073,-80.537,28.379,79.847,3
1074,54.533,12.792,13.013,3
1075,-12.762,32.819,115.958,3
1076,-19.987,32.263,118.178,3
1077,-90.541,29.49,74.844,3
1078,-88.879,29.49,83.731,3
1079,-19.426,31.153,127.064,3
1080,-23.87,31.709,131.512,3
1081,-44.422,30.598,117.057,3
1082,-6.654,33.373,134.841,2
1083,-71.645,28.934,93.733,3
1084,106.08,15.556,59.796,3
1085,-76.707,28.927,108.198,3
1086,63.975,12.236,-3.651,3
1087,-78.87,28.932,75.399,3
1088,-13.869,31.153,137.061,2
1089,-33.881,23.934,48.726,3
1090,-63.312,30.598,135.95,2
1091,76.195,12.235,4.125,3
1092,-46.657,23.923,47.58,3
1093,-63.887,25.6,69.296,3
1094,54.531,12.237,3.016,3
1095,58.421,11.682,3.018,3
1096,-95.627,28.933,94.326,3
1097,56.116,33.929,164.84,2
1098,74.257,24.025,73.422,3
1099,109.149,13.914,15.369,3
1100,41.174,32.269,108.79,3
1101,25.564,30.597,107.617,3
1102,36.128,34.485,155.962,3
1103,21.683,32.819,153.172,3
1104,79.203,15.759,15.049,3
1105,-72.763,28.933,80.397,3
1106,71.747,11.682,9.687,3
1107,-63.329,26.157,63.18,3
1108,56.12,33.929,148.173,2
1109,-53.884,24.487,61.511,3
1110,73.971,12.792,15.243,3
1111,61.664,21.155,59.851,3
1112,-79.427,29.489,84.288,3
1113,107.744,16.111,49.24,3
1114,-54.21,25.672,85.768,3
1115,-63.883,27.267,67.624,3
1116,-53.321,25.043,52.621,3
1117,57.039,23.47,98.012,3
1118,97.288,16.11,68.395,3
1119,65.925,24.025,73.977,3
1120,22.47,18.506,11.161,3
1121,-25.789,21.711,49.546,3
1122,-68.376,27.816,102.089,3
1123,104.949,14.486,15.109,3
1124,114.847,13.398,16.429,3
1125,102.192,16.666,44.244,3
1126,56.197,12.792,11.904,3
1127,92.852,15.026,42.395,3
1128,93.047,16.138,50.187,3
1129,-22.205,17.792,0.214,3
1130,-23.315,17.237,2.439,3
1131,102.189,15.556,59.24,3
1132,-70.528,30.043,77.621,3
1133,-14.428,32.819,119.846,3
1134,-11.094,31.708,133.731,2
1135,-85.543,29.49,82.063,3
1136,61.754,12.236,1.901,3
1137,-19.426,31.153,128.734,2
1138,-59.423,30.598,122.616,2
1139,-48.31,30.598,111.503,2
1140,-78.915,28.933,89.313,3
1141,-57.773,25.6,64.293,3
1142,-59.432,27.82,58.172,3
1143,-63.865,28.378,93.177,3
1144,30.352,31.709,67.92,3
1145,33.494,31.153,67.17,3
1146,-33.329,23.934,55.391,3
1147,-36.101,23.934,50.946,3
1148,70.085,12.235,4.125,3
1149,64.811,24.58,81.197,3
1150,-46.657,25.043,53.179,3
1151,59.906,31.152,99.725,3
1152,-71.647,29.488,73.73,3
1153,56.755,12.237,4.684,3
1154,51.572,31.151,102.501,3
1155,-68.317,28.377,70.4,3
1156,53.339,33.929,158.175,2
1157,89.114,14.597,30.024,3
1158,108.039,15.024,17.59,3
1159,61.11,21.155,54.854,3
1160,-56.106,24.489,75.399,3
1161,-58.886,26.157,69.845,3
1162,-75.541,28.934,86.509,3
1163,76.871,14.593,26.126,3
1164,102.192,16.111,47.019,3
1165,85.75,12.792,21.885,3
1166,38.895,31.152,95.398,3
1167,50.556,21.155,57.073,3
1168,-53.323,27.82,60.393,3
1169,54.262,23.47,93.568,3
1170,-59.421,28.376,98.731,3
1171,63.701,24.025,76.757,3
1172,35.563,31.708,102.618,3
1173,23.673,17.904,16.576,3
1174,-29.125,21.711,47.878,3
1175,-49.707,17.249,2.122,3
1176,-62.758,28.933,79.841,3
1177,24.784,17.904,20.468,3
1178,-38.238,28.378,113.083,3
1179,29.453,30.597,103.728,3
1180,96.722,16.192,45.599,3
1181,58.975,12.792,8.014,3
1182,89.516,16.138,41.839,3
1183,87.847,16.138,46.287,3
1184,-15.432,17.792,0.757,3
1185,-22.205,17.792,1.884,3
1186,98.857,15.556,55.353,3
1187,-12.205,32.819,123.736,2
1188,25.58,31.152,123.774,3
1189,-62.755,28.376,81.512,3
1190,-53.328,25.6,63.737,3
1191,-52.755,30.598,109.28,2
1192,-58.867,28.378,94.288,2
1193,37.686,31.709,76.946,3
1194,30.571,33.374,147.626,2
1195,39.353,31.153,73.615,3
1196,-38.881,23.934,53.17,3
1197,52.79,31.152,83.846,3
1198,-66.092,28.377,75.956,3
1199,50.461,30.596,95.836,3
1200,-64.981,28.377,72.068,3
1201,-47.767,25.043,56.509,3
1202,-21.906,14.647,-11.245,3
1203,-25.796,14.092,-11.804,3
1204,-46.663,25.043,82.623,3
1205,23.904,32.819,147.62,3
1206,50.562,33.929,153.731,2
1207,-67.199,29.488,77.066,3
1208,80.761,12.926,26.683,3
1209,55.555,21.155,53.187,3
1210,72.302,12.792,13.574,3
1211,94.409,16.11,60.91,3
1212,66.199,11.68,6.346,3
1213,-11.094,31.153,128.179,2
1214,35.008,30.597,94.288,3
1215,-56.644,28.933,84.844,3
1216,48.892,21.155,55.964,3
1217,54.262,23.47,85.088,3
1218,30.564,30.597,99.285,3
1219,-36.569,28.378,111.414,3
1220,59.261,24.025,76.757,3
1221,22.009,17.904,17.685,3
1222,42.699,21.071,15.193,3
1223,-33.877,21.711,52.63,3
1224,16.984,17.904,19.911,3
1225,101.169,15.08,36.711,3
1226,97.832,16.747,41.712,3
1227,63.975,12.792,9.681,3
1228,-15.531,17.237,-4.652,3
1229,86.179,16.138,44.063,3
1230,-11.02,17.792,5.799,3
1231,81.18,15.582,48.511,3
1232,-46.663,25.043,76.513,3
1233,76.316,14.593,33.353,3
1234,18.337,31.152,108.173,3
1235,-63.872,30.045,88.176,3
1236,-54.995,24.489,70.401,3
1237,-52.219,25.6,65.401,3
1238,-51.645,28.933,104.84,2
1239,-2.688,31.105,125.61,3
1240,-21.577,31.661,133.382,3
1241,-47.754,18.285,12.808,3
1242,53.337,21.155,52.078,3
1243,-54.979,25.045,98.176,2
1244,27.235,33.374,143.178,2
1245,-32.484,16.694,-6.209,3
1246,42.13,31.153,79.724,3
1247,-42.215,23.934,55.948,3
1248,-61.093,28.377,73.734,3
1249,42.787,33.374,144.845,2
1250,49.349,31.152,94.168,3
1251,-46.658,25.043,58.727,3
1252,79.64,12.792,21.885,3
1253,-59.42,29.488,79.288,3
1254,76.871,14.593,28.906,3
1255,92.742,16.666,54.798,3
1256,-24.128,14.092,-8.468,3
1257,96.079,15,50.909,3
1258,66.75,12.792,18.016,3
1259,-40.817,17.249,2.122,3
1260,-9.983,32.264,126.513,2
1261,56.16,19.86,22.373,3
1262,-33.877,21.711,55.96,3
1263,30.564,30.597,97.065,3
1264,-42.799,31.12,126.76,3
1265,-50.552,25.6,70.401,3
1266,95.054,15.08,37.267,3
1267,-4.913,17.237,7.461,3
1268,-8.8,17.237,7.464,3
1269,63.975,12.792,18.571,3
1270,76.177,16.138,42.396,3
1271,-44.994,23.934,58.727,3
1272,-18.907,24.665,118.093,3
1273,17.782,31.152,103.174,3
1274,55.373,24.025,78.423,3
1275,25.005,30.598,112.615,3
1276,75.755,12.792,22.995,3
1277,-8.799,31.105,118.388,3
1278,42.13,31.153,83.614,3
1279,61.477,20.599,61.345,3
1280,-19.356,30.55,122.83,3
1281,63.966,21.826,66.134,3
1282,-56.09,28.933,76.513,3
1283,45.557,18.931,49.854,3
1284,44.353,30.597,90.837,3
1285,21.675,31.707,85.96,3
1286,28.519,21.071,15.386,3
1287,34.813,21.071,18.573,3
1288,56.102,18.325,32.038,3
1289,-24.806,18.841,-3.719,3
1290,48.892,21.155,52.634,3
1291,-40.532,18.285,8.364,3
1292,88.854,15,52.021,3
1293,74.092,14.593,31.685,3
1294,-49.577,18.285,0.538,3
1295,15.872,17.904,12.127,3
1296,-35.817,17.249,2.122,3
1297,-32.127,28.933,108.083,3
1298,-46.663,25.043,74.843,3
1299,-54.978,28.933,88.732,2
1300,-2.208,32.819,121.515,2
1301,-51.645,25.045,97.62,2
1302,14.76,17.904,18.243,3
1303,29.457,30.597,135.403,2
1304,-32.484,16.694,-1.209,3
1305,-32.768,21.711,58.178,3
1306,63.975,12.792,20.791,3
1307,-40.549,23.934,60.95,3
1308,-38.439,31.12,116.794,3
1309,52.039,24.025,77.867,3
1310,45.558,20.599,64.293,3
1311,-51.092,28.933,77.624,3
1312,-8.901,23.998,98.748,3
1313,17.782,30.597,100.399,3
1314,23.338,30.042,103.727,3
1315,73.996,12.251,35.785,3
1316,36.772,30.597,60.641,3
1317,-12.689,29.994,111.719,3
1318,70.624,13.917,40.175,3
1319,39.908,30.597,88.614,3
1320,-30.819,17.249,1.011,3
1321,-36.643,18.285,4.475,3
1322,38.739,22.183,28.18,3
1323,43.333,18.931,51.522,3
1324,21.675,30.597,88.736,3
1325,35.556,18.376,53.186,3
1326,-17.187,30.565,116.797,3
1327,-1.678,23.998,99.863,3
1328,-17.133,19.459,43.573,3
1329,30.923,21.071,20.796,3
1330,22.79,31.153,123.735,2
1331,14.28,21.708,94.897,3
1332,-27.586,18.285,-0.939,3
1333,-36.92,32.401,128.447,3
1334,66.752,12.792,24.683,3
1335,79.725,15,49.739,3
1336,67.42,14.037,34.466,3
1337,70.758,14.037,31.685,3
1338,24.835,10.368,-6.042,3
1339,-19.411,31.675,115.683,3
1340,25.439,22.279,103.524,3
1341,-48.884,24.488,70.957,3
1342,-26.647,28.933,96.515,3
1343,-7.691,17.237,9.128,3
1344,-43.951,31.117,99.005,3
1345,26.12,31.153,94.843,3
1346,-49.979,27.822,92.065,2
1347,5.013,32.264,116.516,2
1348,12.536,17.904,16.575,3
1349,20.006,30.597,97.619,3
1350,19.913,30.598,75.282,3
1351,26.02,30.043,74.17,3
1352,34.551,30.597,68.97,3
1353,12.236,31.708,110.96,2
1354,-22.189,31.12,111.794,3
1355,-6.655,30.597,102.065,3
1356,38.335,18.376,55.965,3
1357,34.348,30.597,87.502,3
1358,23.156,21.708,89.825,3
1359,-36.661,23.934,62.616,3
1360,-45.48,21.126,21.355,3
1361,-42.705,21.682,13.017,3
1362,32.624,21.071,28.736,3
1363,-46.089,28.377,80.403,2
1364,-38.327,23.377,70.401,3
1365,-7.913,23.998,108.405,3
1366,-19.911,19.459,41.906,3
1367,40.559,21.155,70.405,3
1368,35.012,22.265,51.522,3
1369,-18.856,30.565,115.128,3
1370,-30.536,18.285,6.141,3
1371,-32.768,22.821,60.954,3
1372,-5.467,17.237,11.908,3
1373,72.507,13.334,48.629,3
1374,69.088,14.037,32.242,3
1375,24.155,10.368,-1.28,3
1376,-26.397,25.166,81.936,3
1377,-26.647,27.823,92.63,3
1378,62.307,12.792,25.239,3
1379,-3.902,23.998,96.526,3
1380,42.228,20.599,64.293,3
1381,-41.172,31.117,101.784,3
1382,-24.8,23.391,92.584,3
1383,62.848,12.251,39.064,3
1384,21.675,30.597,93.176,3
1385,15.947,21.708,92.119,3
1386,-45.535,27.822,89.288,2
1387,-25.822,18.359,3.232,3
1388,38.335,17.821,60.964,3
1389,-20.523,30.565,110.128,3
1390,-31.966,23.492,70.229,3
1391,62.848,11.141,37.954,3
1392,36.119,21.153,53.184,3
1393,-8.801,17.792,19.685,3
1394,33.899,21.708,50.409,3
1395,2.774,23.998,93.71,3
1396,-17.134,19.459,37.462,3
1397,-3.245,20.014,18.018,3
1398,35.006,21.71,71.52,3
1399,31.123,22.819,80.968,3
1400,-23.617,25.166,81.936,3
1401,62.863,12.792,29.13,3
1402,-18.797,19.459,30.793,3
1403,38.892,21.155,65.405,3
1404,18.895,30.597,93.176,3
1405,-30.485,21.126,23.02,3
1406,67.509,13.334,49.74,3
1407,-2.226,23.998,90.38,3
1408,9.992,9.217,-8.226,3
1409,21.937,10.368,-0.171,3
1410,-30.538,27.823,84.848,3
1411,9.457,29.485,99.846,2
1412,-34.436,23.377,69.845,3
1413,-33.397,30.006,104.561,3
1414,1.682,30.597,98.174,2
1415,19.819,21.708,87.601,3
1416,29.905,30.597,86.391,3
1417,-33.323,22.821,63.729,2
1418,22.133,30.598,77.502,3
1419,-42.705,21.126,21.91,3
1420,-41.647,27.822,83.734,2
1421,-32.289,23.376,57.009,3
1422,45.061,11.128,15.687,3
1423,-29.187,23.492,67.45,3
1424,63.064,13.334,50.296,3
1425,62.308,11.681,35.795,3
1426,-32.686,21.181,54.495,3
1427,-25.074,23.376,47.559,3
1428,-35.485,21.126,25.798,3
1429,-31.655,22.821,68.177,2
1430,2.179,21.157,86.566,3
1431,-3.801,20.014,21.352,3
1432,-54.521,20.603,45.057,3
1433,-34.51,23.931,50.343,3
1434,19.819,21.708,84.271,3
1435,29.452,20.599,77.075,3
1436,18.047,10.368,-0.171,3
1437,22.688,30.598,79.724,3
1438,-18.3,30.565,106.238,3
1439,27.13,30.597,85.836,3
1440,24.456,21.708,76.523,3
1441,19.035,20.597,85.548,3
1442,-15.775,24.606,76.894,3
1443,28.051,9.812,-9.618,3
1444,-14.91,19.459,34.125,3
1445,0.553,23.998,87.601,3
1446,13.341,30.597,89.288,2
1447,-33.317,26.711,80.402,2
1448,28.896,18.931,54.849,3
1449,35.009,21.153,53.184,3
1450,37.225,17.821,64.294,3
1451,35.006,21.71,70.96,3
1452,7.234,30.597,93.732,2
1453,41.724,11.128,17.911,3
1454,-12.997,24.05,67.45,3
1455,20.829,9.812,3.714,3
1456,54.531,13.903,48.02,3
1457,21.677,21.708,73.744,3
1458,-36.02,21.181,45.057,3
1459,-27.289,23.376,54.231,3
1460,2.234,31.152,90.398,2
1461,16.683,22.264,73.181,3
1462,32.785,18.931,64.849,3
1463,18.602,10.368,0.938,3
1464,8.899,20.597,79.846,3
1465,26.94,9.812,-1.282,3
1466,18.345,21.152,77.065,3
1467,47.355,9.458,5.996,3
1468,-33.796,21.181,50.61,3
1469,-11.02,19.459,34.125,3
1470,-27.203,23.376,74.844,2
1471,30.563,21.155,67.072,3
1472,-2.135,20.014,28.017,3
1473,20.015,22.264,69.85,3
1474,-28.321,22.821,68.733,2
1475,58.978,12.236,38.015,3
1476,51.958,8.902,-4.175,3
1477,33.949,11.683,15.686,3
1478,7.789,30.597,88.733,2
1479,-21.738,23.376,52.007,3
1480,23.244,30.042,83.615,3
1481,9.027,9.458,8.22,3
1482,-32.707,21.126,27.465,3
1483,-7.252,23.441,74.221,3
1484,-27.699,21.126,30.801,3
1485,33.899,21.153,57.069,3
1486,-3.801,19.459,34.68,3
1487,-8.245,19.459,37.456,3
1488,14.457,20.597,74.288,3
1489,-23.873,22.821,72.069,2
1490,-19.515,23.376,55.897,3
1491,30.563,18.931,65.404,3
1492,52.864,12.236,45.797,3
1493,25.828,9.256,2.054,3
1494,47.021,11.127,10.436,3
1495,17.793,22.264,70.405,3
1496,30.009,21.153,59.292,3
1497,55.542,9.997,27.811,3
1498,45.131,9.458,8.776,3
1499,64.787,11.252,11.137,3
1500,38.394,11.683,20.686,3
1501,14.023,9.458,12.66,3
1502,-28.259,21.126,30.801,3
1503,11.804,9.458,12.664,3
1504,21.938,9.812,2.05,3
1505,-4.475,23.441,68.667,3
1506,47.515,9.457,0.823,3
1507,6.122,30.597,85.955,2
1508,21.677,21.153,71.522,3
1509,14.45,30.042,84.291,2
1510,55.644,12.236,40.793,3
1511,-31.575,21.181,44.501,3
1512,52.864,12.236,43.017,3
1513,40.64,11.683,31.352,3
1514,-27.685,22.848,42.278,3
1515,42.31,11.127,16.914,3
1516,-10.539,22.821,70.958,2
1517,8.155,10.365,-4.779,3
1518,45.291,9.457,4.16,3
1519,-5.467,19.459,42.456,3
1520,11.124,21.708,70.4,3
1521,53.674,10.017,24.102,3
1522,-7.766,23.376,64.848,2
1523,43.462,9.458,10.445,3
1524,17.911,9.458,14.326,3
1525,27.231,21.153,63.182,3
1526,24.164,9.256,3.163,3
1527,15.691,9.458,15.996,3
1528,33.439,11.127,11.837,3
1529,21.677,21.153,65.962,3
1530,14.459,22.264,69.849,3
1531,42.862,10.573,33.574,3
1532,7.231,30.597,84.291,2
1533,-1.578,19.459,39.125,3
1534,6.756,19.459,44.125,3
1535,49.788,10.572,26.323,3
1536,-2.133,19.459,41.9,3
1537,22.233,21.153,62.071,3
1538,48.974,12.236,43.017,3
1539,42.515,8.347,6.936,3
1540,32.314,11.127,18.026,3
1541,17.911,9.458,15.996,3
1542,40.64,11.128,33.574,3
1543,-10.468,21.126,48.017,3
1544,24.164,10.365,4.827,3
1545,21.386,10.365,7.21,3
1546,12.233,21.708,68.736,3
1547,5.009,30.041,78.735,2
1548,38.422,11.127,18.58,3
1549,39.017,9.458,11.001,3
1550,-6.099,23.376,69.848,2
1551,-6.578,21.126,48.017,3
1552,34.534,11.127,20.246,3
1553,39.179,8.347,8.604,3
1554,34.018,9.458,13.223,3
1555,17.79,21.708,57.073,3
1556,38.971,10.015,35.243,3
1557,-1.576,19.459,43.57,2
1558,37.313,10.572,28.024,3
1559,12.788,21.153,62.626,3
1560,20.691,9.458,15.996,3
1561,-1.656,22.265,69.848,1
1562,44.529,12.236,43.573,3
1563,37.312,12.237,47.465,3
1564,24.164,10.365,8.877,3
1565,28.581,8.898,-13.778,3
1566,13.819,10.638,13.097,3
1567,35.089,10.572,26.356,3
1568,40.084,12.236,43.017,3
1569,13.899,22.264,55.405,2
1570,24.025,9.458,15.44,3
1571,31.243,9.458,13.778,3
1572,-1.576,19.459,46.35,2
1573,5.009,23.376,60.407,1
1574,35.088,12.237,45.797,3
1575,36.751,10.015,37.463,3
1576,34.736,9.458,8.604,3
1577,23.257,9.458,12.507,3
1578,8.899,20.042,53.738,1
1579,34.534,10.572,31.908,3
1580,32.865,12.237,41.352,3
1581,28.465,9.458,15.445,3
1582,25.689,9.458,14.331,3
1583,34.529,10.57,40.24,3
1584,5.093,19.459,48.573,2
1585,10.648,19.459,50.24,1
1586,32.867,10.572,34.686,3
1587,27.356,9.458,17.109,3
1588,33.975,10.016,39.686,3
1589,32.311,10.016,38.577,3
1590,11.759,20.014,45.242,1
1591,26.205,9.458,27.465,3
1592,25.647,10.571,38.022,2
1593,22.313,11.126,30.801,3
1594,12.87,13.905,39.689,1
1595,20.093,11.126,30.801,2
1596,15.649,11.682,38.022,1
1597,13.983,10.571,31.356,1
1598,5.557,9.447,9.447,1
1599,0,0,0,0
